{"acc": 0.7756702277651593, "loss": 0.18180710299968275, "_timestamp": 1687337553.61517, "_runtime": 6.233479976654053, "_step": 7, "_wandb": {"runtime": 5}}