{"cameraMode":{"drawMode":0,"name":"Shaded","section":"Shading Mode"},"sceneLighting":true,"audioPlay":false,"sceneViewState":{"m_AlwaysRefresh":false,"showFog":true,"showSkybox":true,"showFlares":true,"showImageEffects":true,"showParticleSystems":true,"showVisualEffectGraphs":true,"m_FxEnabled":true},"in2DMode":false,"pivot":{"x":2.0408403873443605,"y":5.72569465637207,"z":12.80158805847168},"rotation":{"x":-0.08240489661693573,"y":0.005979573354125023,"z":0.0004944263491779566,"w":0.9965816736221314},"size":11.552891731262207,"orthographic":false}